time,load@tsung_controller@ajays-MBP-bddc 
0,8.78515625 
10,8.671875 
20,8.10546875 
30,7.546875 
40,6.94140625 
50,6.94140625 
60,6.94140625 
70,6.94140625 
80,6.94140625 
90,6.72265625 
100,6.2109375 
110,5.703125 
120,5.375 
130,5.16796875 
140,5.16796875 
150,5.16796875 
160,5.16796875 
170,5.16796875 
190,5.16796875 
200,5.16796875 
210,5.16796875 
220,5.16796875 
230,5.16796875 
240,5.16796875 
260,5.16796875 
270,5.16796875 
280,5.16796875 
290,5.16796875 
300,5.16796875 
