time,load@tsung_controller@ajays-MBP-bddc 
0,8.78515625 
10,8.671875 
20,8.10546875 
30,7.546875 
40,6.94140625 
50,7.53125 
60,7.84375 
70,7.4921875 
80,7.109375 
90,6.72265625 
100,6.2109375 
110,5.703125 
120,5.375 
130,5.16796875 
140,6.3671875 
150,6.2421875 
160,6.5703125 
170,6.57421875 
190,6.0 
200,5.3046875 
210,5.578125 
220,6.3828125 
230,6.48828125 
240,7.08203125 
260,6.71484375 
270,6.29296875 
280,6.0859375 
290,6.14453125 
300,5.96875 
