time,load@tsung_controller@ajays-MBP-bddc 
0,8.78515625 
10,8.78515625 
20,8.78515625 
30,8.78515625 
40,8.78515625 
50,8.78515625 
60,8.78515625 
70,8.78515625 
80,8.78515625 
90,8.78515625 
100,8.78515625 
110,8.78515625 
120,8.78515625 
130,8.78515625 
140,8.78515625 
150,8.78515625 
160,8.78515625 
170,8.78515625 
190,8.78515625 
200,8.78515625 
210,8.78515625 
220,8.78515625 
230,8.78515625 
240,8.78515625 
260,8.78515625 
270,8.78515625 
280,8.78515625 
290,8.78515625 
300,8.78515625 
