time,load@tsung_controller@ajays-MBP-bddc 
0,3.77734375 
10,3.77734375 
20,4.15625 
30,4.359375 
40,4.3828125 
50,4.484375 
60,4.484375 
80,4.484375 
90,4.484375 
100,4.80859375 
110,4.80859375 
120,5.0546875 
130,5.125 
140,5.62109375 
150,6.06640625 
160,6.06640625 
170,6.06640625 
180,6.06640625 
190,6.453125 
200,10.39453125 
210,10.39453125 
