time,freemem@tsung_controller@ajays-MBP-bddc 
0,10433.93359375 
10,10433.93359375 
20,10433.93359375 
30,10433.93359375 
40,10433.93359375 
50,10433.93359375 
60,10433.93359375 
80,10433.93359375 
90,10433.93359375 
100,10433.93359375 
110,10433.93359375 
120,10433.93359375 
130,10433.93359375 
140,10433.93359375 
150,10433.93359375 
160,10433.93359375 
170,10433.93359375 
180,10433.93359375 
190,10433.93359375 
200,10433.93359375 
210,10433.93359375 
