time,load@tsung_controller@ajays-MBP-bddc 
0,3.77734375 
10,3.5859375 
20,4.15625 
30,4.359375 
40,4.3828125 
50,4.484375 
60,4.13671875 
80,3.9609375 
90,4.34765625 
100,4.80859375 
110,4.67578125 
120,5.0546875 
130,5.125 
140,5.62109375 
150,6.06640625 
160,5.74609375 
170,5.83984375 
180,5.9921875 
190,6.453125 
200,10.39453125 
210,9.78125 
