time,load@tsung_controller@ajays-MBP-bddc 
0,3.77734375 
10,3.5859375 
20,3.5859375 
30,3.5859375 
40,3.5859375 
50,3.5859375 
60,3.5859375 
80,3.5859375 
90,3.5859375 
100,3.5859375 
110,3.5859375 
120,3.5859375 
130,3.5859375 
140,3.5859375 
150,3.5859375 
160,3.5859375 
170,3.5859375 
180,3.5859375 
190,3.5859375 
200,3.5859375 
210,3.5859375 
