time,page 
0,3.599967129877082 
10,4.054120685606942 
20,3.6922568807339435 
30,0 
40,0 
50,528.422125827815 
60,104.68966666666667 
70,0 
80,0 
90,209.143 
100,0 
110,62.845370517928366 
120,403.46587500000004 
130,219.16531896551726 
140,0 
150,0 
160,0 
170,0 
180,0 
190,109.56696015936245 
200,235.2033595800526 
210,0 
