time,page 
0,2.8446092505069576 
10,3.598391673422006 
20,5.467435730983017 
30,0 
40,0 
50,1396.301093747404 
60,35.760845220560554 
70,0 
80,0 
90,0.0 
100,0 
110,109.58146653071441 
120,288.7247311056793 
130,326.2012552521119 
140,0 
150,0 
160,0 
170,0 
180,0 
190,137.10858689391495 
200,261.67366494278167 
210,0 
