time,session 
20,185.9375501432665 
30,158.37957472067043 
40,221.72567459324185 
50,200.31445032051272 
60,189.82301304347854 
70,189.5448693808312 
80,187.71224565756825 
90,180.38213108614255 
100,197.670365187713 
110,210.7255561385101 
120,199.00833624454145 
130,183.92771348837195 
140,180.38040390390336 
150,180.18766499162527 
160,216.17373441994232 
170,204.83774420677352 
180,205.3851046511627 
190,191.44700729927004 
200,195.3792076830733 
210,230.8970909970963 
