time,session 
20,81.684581268567 
30,26.281667736674425 
40,138.42940714778905 
50,70.53539100559117 
60,48.249810320823876 
70,61.50394868982765 
80,52.885992081380046 
90,61.10983646553955 
100,62.05088620182213 
110,89.93350026735969 
120,58.23613360388292 
130,50.964855786323014 
140,49.1563598693255 
150,51.45457097268666 
160,71.47137101956645 
170,84.89775264564595 
180,73.11606289709803 
190,56.23868950310861 
200,68.68180697370263 
210,103.21152087246287 
