time,freemem@tsung_controller@ajays-MBP-bddc 
0,10433.93359375 
10,10147.64453125 
20,9853.88671875 
30,9643.609375 
40,9621.671875 
50,9479.98046875 
60,9372.16796875 
80,9360.6875 
90,9360.6875 
100,9330.0703125 
110,9294.03515625 
120,9151.015625 
130,9098.34375 
140,9098.34375 
150,9084.390625 
160,9084.390625 
170,9042.10546875 
180,8942.5234375 
190,8877.703125 
200,8852.296875 
210,8776.765625 
