time,load@tsung_controller@ajays-MacBook-Pro 
0,1.98828125 
10,1.98828125 
20,1.98828125 
30,1.98828125 
40,1.98828125 
50,1.98828125 
60,1.98828125 
70,1.98828125 
80,1.98828125 
90,1.98828125 
100,1.98828125 
110,1.98828125 
120,1.98828125 
130,1.98828125 
140,1.98828125 
150,1.98828125 
160,1.98828125 
170,1.98828125 
