time,session 
40,44.10062713690171 
50,123.83365028449076 
60,230.9907088893899 
70,5232.454079999471 
80,4879.539676911845 
90,142.3281470628154 
100,362.13743211407603 
110,214.5326336243626 
120,413.0201093142893 
130,607.1646875590079 
140,1096.3308603809207 
150,3655.0505075447504 
160,66.75496557037192 
170,1529.6901986158184 
