time,cpu@tsung_controller@ajays-MacBook-Pro 
0,16.594589507726347 
10,16.594589507726347 
20,16.594589507726347 
30,16.594589507726347 
40,16.594589507726347 
50,16.594589507726347 
60,16.594589507726347 
70,16.594589507726347 
80,16.594589507726347 
90,16.594589507726347 
100,16.594589507726347 
110,16.594589507726347 
120,16.594589507726347 
130,16.594589507726347 
140,16.594589507726347 
150,16.594589507726347 
160,16.594589507726347 
170,16.594589507726347 
