time,size_sent,size_rcv 
0,336.475,354.19296875 
10,257.328125,444.70390625 
20,215.671875,481.8859375 
30,201.5625,504.5234375 
40,42.328125,162.83125 
50,246.175,461.61015625 
60,1416.85,956.79140625 
70,175.896875,615.68671875 
80,139.48125,687.459375 
90,153.1875,669.128125 
100,130.746875,785.778125 
110,131.553125,789.63359375 
120,86.80625,787.7578125 
130,103.871875,805.08203125 
140,87.6125,809.51328125 
150,83.446875,1050.10703125 
160,184.09375,824.52421875 
170,72.696875,787.0625 
