time,page 
0,737.9995434966231 
10,2684.102769973185 
20,4132.398189897698 
30,5692.033618795493 
40,7513.960458745875 
50,23793.436933823545 
60,26863.702152804653 
70,15531.531152138617 
80,17369.977489967634 
90,26086.558716472766 
100,12882.258108781141 
110,29941.30778419898 
120,39483.20597598629 
130,36932.80464341077 
140,45267.882850088165 
150,42732.21053692112 
160,41151.959310191996 
170,35878.084651624486 
