time,page 
0,839.9844077895901 
10,2059.468645060503 
20,3867.8377385887025 
30,5172.7580379920855 
40,8957.76302590428 
50,11766.644732806659 
60,18258.621692107896 
70,18843.74149643712 
80,23186.5081547455 
90,29350.452832901887 
100,23145.788616418973 
110,36229.7085445418 
120,44544.79735052779 
130,43961.79454102188 
140,56205.81502951451 
150,59458.82126705736 
160,58572.88305942923 
170,58126.82219572093 
