time,load@tsung_controller@ajays-MacBook-Pro 
0,1.98828125 
10,2.2890625 
20,2.46484375 
30,2.71484375 
40,3.59375 
50,3.66015625 
60,5.078125 
70,6.8984375 
80,6.98828125 
90,6.84375 
100,6.87109375 
110,6.9453125 
120,6.3359375 
130,7.05859375 
140,7.6484375 
150,7.41015625 
160,6.9453125 
170,6.5703125 
