time,session 
40,187.90808279668798 
50,200.33835281837142 
60,251.1734323308269 
70,615.4300917431195 
80,562.0216175675677 
90,208.9243887096773 
100,268.32650473613 
110,254.972360347323 
120,294.1703764434184 
130,420.1626137931037 
140,449.408746153846 
150,1571.5691382289406 
160,200.03257593123195 
170,399.539982857143 
