time,cpu@tsung_controller@ajays-MacBook-Pro 
0,16.594589507726347 
10,79.63654468508837 
20,81.94721115537848 
30,85.85657370517929 
40,88.72011952191235 
50,75.49141577506843 
60,78.28282828282829 
70,81.79026924893718 
80,84.04785643070788 
90,81.96762141967622 
100,83.45771144278606 
110,80.86696562032884 
120,81.7639751552795 
130,81.60555004955401 
140,82.47140726006961 
150,80.26739291903937 
160,81.19254658385093 
170,80.1658941205172 
