time,freemem@tsung_controller@ajays-MacBook-Pro 
0,9585.984375 
10,9585.984375 
20,9585.984375 
30,9585.984375 
40,9585.984375 
50,9585.984375 
60,9585.984375 
70,9585.984375 
80,9585.984375 
90,9585.984375 
100,9585.984375 
110,9585.984375 
120,9585.984375 
130,9585.984375 
140,9585.984375 
150,9585.984375 
160,9585.984375 
170,9585.984375 
