time,freemem@tsung_controller@ajays-MacBook-Pro 
0,9585.984375 
10,9435.37109375 
20,9300.859375 
30,9224.2109375 
40,9070.31640625 
50,9070.31640625 
60,9066.08984375 
70,9056.83984375 
80,8979.84375 
90,8912.71875 
100,8897.47265625 
110,8876.19921875 
120,8860.51953125 
130,8763.171875 
140,8741.79296875 
150,8720.16796875 
160,8698.8671875 
170,8664.68359375 
