time,cpu@tsung_controller@ajays-MacBook-Pro 
0,16.594589507726347 
10,79.63654468508837 
20,81.94721115537848 
30,85.85657370517929 
40,88.72011952191235 
50,88.72011952191235 
60,88.72011952191235 
70,88.72011952191235 
80,88.72011952191235 
90,88.72011952191235 
100,88.72011952191235 
110,88.72011952191235 
120,88.72011952191235 
130,88.72011952191235 
140,88.72011952191235 
150,88.72011952191235 
160,88.72011952191235 
170,88.72011952191235 
